CREATE TABLE BRANCH 
(
BRANCH_NAME VARCHAR2(20),
BRANCH_CITY VARCHAR2(20),
ASSETS NUMERIC(15,2),
PRIMARY KEY(BRANCH_NAME)
);
CREATE TABLE ACCOUNTS 
(
ACC_NO NUMERIC(20),
BRANCH_NAME VARCHAR2(20),
BALANCE NUMERIC(15,2),
PRIMARY KEY(ACC_NO)
);

CREATE TABLE CUSTOMER
(
CUSTOMER_NAME VARCHAR2(20),
CITY VARCHAR2(20),
CUSTOMER_STREET VARCHAR2(20),
PRIMARY KEY(CUSTOMER_NAME)
);
CREATE TABLE DEPOSITOR
(
CUSTOMER_NAME VARCHAR2(20),
ACC_NO NUMERIC(20),
PRIMARY KEY(ACC_NO),
FOREIGN KEY(CUSTOMER_NAME)REFERENCES CUSTOMER(CUSTOMER_NAME)
);
CREATE TABLE LOAN 
(
BRANCH_NAME VARCHAR2(20),
LOAN_NO NUMERIC(10),
AMOUNT NUMERIC(15,2),
PRIMARY KEY(LOAN_NO)
);
CREATE TABLE BORROWER 
(
CUSTOMER_NAME VARCHAR2(20),
LOAN_NO NUMERIC(10),
PRIMARY KEY(CUSTOMER_NAME)
);

INSERT INTO BRANCH VALUES('MYSORE ROAD','BANGALORE',10000000);

INSERT INTO BRANCH VALUES('GIRINAGAR','BANGALORE',15230000);

INSERT INTO BRANCH VALUES('MANTRALAYAM','RAICHUR',1960000);

INSERT INTO ACCOUNTS VALUES(0001,'MYSORE ROAD',10000);
INSERT INTO ACCOUNTS VALUES(0002,'MYSORE ROAD',15000);
INSERT INTO ACCOUNTS VALUES(0003,'GIRINAGAR',20000);
INSERT INTO ACCOUNTS VALUES(0004,'RAICHUR',16000);
INSERT INTO ACCOUNTS VALUES(0005,'RAICHUR',19000);

INSERT INTO DEPOSITOR VALUES('RAM',0001);
INSERT INTO DEPOSITOR VALUES('RAJ',0002);
INSERT INTO DEPOSITOR VALUES('RAO',0003);
INSERT INTO DEPOSITOR VALUES('RAHUL',0004);
INSERT INTO DEPOSITOR VALUES('RAHUL',0005);

INSERT INTO CUSTOMER VALUES('RAM','MM ROAD','BANAGLORE');
INSERT INTO CUSTOMER VALUES('RAJ','MAGADI','BANGALORE');
INSERT INTO CUSTOMER VALUES('RAO','RPC LAYOUT','BANGALORE');
INSERT INTO CUSTOMER VALUES('RAHUL','VIJAYNAGAR','HYDERABAD');

INSERT INTO LOAN VALUES('MYSORE ROAD',5001,25000);
INSERT INTO LOAN VALUES('GIRINAGAR',5002,30000);
INSERT INTO LOAN VALUES('MYSORE ROAD',5003,60000);
INSERT INTO LOAN VALUES('RAICHUR',5004,70000);

INSERT INTO BORROWER VALUES('RAJ',5002);
INSERT INTO BORROWER VALUES('RAM',5001);









